a <- a 
accelerated <- accelerated 
access <- access 
active <- active activism 
actuators <- actuators 
ad <- ad 
advanced <- advanced civilization civil civilizations 
advancedhindireading <- Advanced_Hindi_Reading_ Advanced_Hindi_Readings_ 
advancedindonesian <- Advanced_Indonesian_ 
advancedsanskrit <- Advanced_Sanskrit_I Advanced_Sanskrit_ 
aerosols <- aerosols 
african <- african 
age <- ages age 
agricultur <- agricultur 
agua <- agua 
aided <- aided 
air <- air atmospheric atmosphere 
alcestis <- alcestis 
alexander <- alexander 
alternative <- alternative 
america <- americas america 
american <- american americans 
analog <- linear analog 
analysis <- analysis 
analytical <- analytical 
analyzing <- analyzing 
ancient <- medieval past early historical prehistoric ancient 
ancienteuropeanhistories <- Medieval_European_History_ Ancient_european_history 
andrew <- andrew 
antennas <- antennas 
anthropological <- anthropological 
anti <- anti 
antiquity <- antiquity 
appledore <- appledore 
application <- applications application 
applied <- functional applied 
architecture <- architecture 
archives <- archives 
areal <- areal 
argentina <- argentina 
aristophanes <- aristophanes 
aristotle <- aristotle 
arts <- arts 
asia <- asia 
asian <- asian eastern 
aspects <- aspects 
assemblies <- assemblies 
astrobiology <- astrobiology 
astronomy <- astronomy 
athens <- athens 
atmosferic <- atmosferic 
attic <- attic 
augustan <- augustan 
augustus <- augustus 
automatic <- automatic 
autonomous <- autonomous independent independence 
avadhi <- avadhi 
b <- b 
background <- background 
balances <- balances 
balkans <- balkans 
baltic <- baltic 
based <- based 
basic <- introductory basic basics 
basins <- basins 
bc <- bc 
beaches <- beaches 
bengali <- bengali 
bibliography <- bibliography 
biochemical <- biochemical 
biogeochemistry <- biogeochemistry 
biological <- biological natural 
biomaterials <- biomaterials 
biomedical <- biomedical 
biomineralization <- biomineralization 
biomolecular <- biomolecular 
biophysics <- biophysics 
bioprocesses <- bioprocesses 
black <- black silver 
bleaching <- bleaching 
bonding <- bonding 
braj <- braj 
buddhist <- buddhist 
business <- business 
byzantine <- coloniality colonialism composition byzantine composites composite colonial 
cadd <- cadd 
canada <- canada 
canadian <- canadian 
cantonese <- cantonese 
capstone <- capstone 
caribbean <- caribbean 
case <- case 
castro <- castro 
catullus <- catullus 
cee <- cee 
cell <- cells cell cellular 
celtic <- celtic 
cementitious <- cementitious 
central <- nuclear central middle 
centuries <- century centuries 
ceramics <- ceramics 
challenges <- challenges 
change <- change transfer 
characterization <- characterization 
chemical <- chemical 
chemicalengineeringlab <- Chemical_Engineering_Laboratory_II_ Chemical_Engineering_Laboratory_ Chemical_Engineering_Laboratory 
chemicalengineeringthermodynamics <- Chemical_Engineering_Thermodynamics Chemical_Engineering_Thermodynamics_ 
chemistry <- chemistry 
china <- china 
chinese <- chinese Chinese 
chomsky <- chomsky 
christianity <- christianity 
cicero <- cicero 
circuit <- circuits circuit 
cities <- cities 
clara <- clara 
class <- division class 
classical <- classical Classics classics 
climate <- climate 
climatology <- climatology 
coastal <- coastal 
college <- college 
collegeartsscience <- College_of_Arts_and_Sciences College_of_arts_and_sciences 
collegeengineering <- College_of_engineering College_of_Engineering 
colloid <- colloids colloid 
colloquium <- colloquium 
columbus <- columbus 
communication <- communications communism communication 
comparative <- comparative 
competition <- competition 
compilers <- compilers 
computation <- computational computations computing computation 
concepts <- concepts 
concession <- concession 
concrete <- solid concrete 
condensed <- condensed 
confederation <- confederation 
conflict <- conflict 
confrontation <- confrontation 
construction <- construction constructional structures structural structure 
consumer <- consumer 
consumerism <- consumerism 
consumption <- consumption 
contemporary <- contemporary 
content <- content 
context <- context 
continental <- continental 
continuous <- continuous 
continuum <- continuum 
control <- control controlled moderate 
conversation <- conversational conversation conversion 
corrosion <- corrosion 
cosmogenic <- cosmogenic 
courses <- Courses courses 
creativity <- creativity 
creole <- creole 
criticism <- criticism 
cryptography <- cryptography 
crystallography <- crystallography 
cultural <- culture cultural 
current <- new modernity modern current news 
data <- data information 
deep <- deep epic 
delivery <- delivery 
demosthenes <- demosthenes 
depositional <- depositional deposits 
derivational <- derivational 
descriptive <- descriptive 
design <- design 
detection <- detection sensing 
development <- evolution development 
developmentearth <- Evolution_of_the_Earth_ Evolution_of_the_Earth_System 
device <- devices device 
dialectology <- dialectology 
dialects <- dialects 
diaspora <- diaspora 
dielectric <- dielectric 
diffraction <- diffraction 
diffusion <- diffusion 
digital <- digital 
dinosaurs <- dinosaurs Dinosaurs_ Dinosaurs 
directed <- directed 
discourse <- discourse 
discovery <- discovery 
discrete <- discrete 
distribution <- distribution 
divided <- divided 
documents <- documents 
drama <- drama 
drives <- drives 
drug <- drug 
durability <- durability 
dvd <- dvd 
dynamics <- kinetics dynamics 
earliest <- earliest 
earth <- earth 
earthquake <- Earthquakes_ Earthquake earthquake earthquakes 
east <- east 
ece <- ece 
ecology <- ecology 
economic <- materials economics material economic 
economicchemistry <- Materials_Chemistry_ 
ecosystems <- ecosystems 
eighteenth <- eighteenth seventeenth fourth sixteenth nineteenth second twentieth quaternary 
elasticity <- elasticity 
electric <- electric electrical 
electro <- electro 
electrochemical <- electrochemical 
electrodynamics <- electrodynamics 
electromagnetic <- electromagnetics electromagnetic 
electron <- electronic electron electronics 
elegy <- elegy 
element <- element 
elementary <- elementary fundamental fundamentals 
elementaryhindi <- Elementary_Hindi_ Elementary_Hindi 
elementaryindonesian <- Elementary_Indonesian_ Elementary_Indonesian 
elementarylatin <- Elementary_Latin_III Elementary_Latin_II Elementary_Latin_I Elementary_Latin_ 
emergence <- emergence 
empire <- empire 
encounters <- encounters 
energy <- energy 
engeneering <- engeneering 
engineering <- engineers enginering engineering 
england <- england 
english <- english 
enviromental <- enviromental 
environment <- environments environment 
environmental <- environmental 
epigraphy <- epigraphy 
epinician <- epinician 
equilibrium <- equilibrium 
equipment <- equipment 
erotic <- erotic 
essay <- essay 
estimation <- estimation 
ethics <- ethics 
euripides <- euripides 
europe <- europe 
european <- european 
evaluation <- evaluation 
events <- events 
expedition <- expedition 
experimental <- experimental 
exploration <- exploration 
explosive <- explosive 
extractive <- extractive 
failure <- failure 
families <- families 
fascism <- fascism 
feedback <- feedback 
feedstock <- feedstock 
ferroelectric <- ferroelectric 
fiber <- fiber 
fiction <- fiction 
field <- fields study studies field 
fieldwork <- fieldwork 
film <- films film 
filtering <- filtering 
finite <- finite 
flexible <- flexible 
fluid <- fluid mobile fluids 
fluidmechanical <- Fluid_Mechanics Fluid_Mechanics_ 
fluvial <- fluvial 
forecast <- forecasting forecast 
foreign <- international foreign 
fortran <- fortran 
fossil <- fossil 
foundation <- foundation foundations innovation introduction 
foundationbyzantineeconomic <- Introduction_to_Composite_Materials Introduction_to_Composite_Materials_ 
foundings <- foundings 
fracture <- fracture 
frameworks <- frameworks 
france <- france 
french <- french 
frequency <- frequency 
fuel <- fuel 
fusion <- fusion 
gel <- gel 
gems <- gems 
gender <- gender 
geobiology <- geobiology 
geochemistry <- geochemistry Geochemistry Geochemistry_ 
geologic <- geological geologic 
geology <- geology 
geomechanics <- geomechanics 
geomorphology <- Geomorphology_ morphology morphological Geomorphology Morphology_ geomorphology 
geophysical <- geophysics geophysical 
geotechnical <- geotechnical 
geotectonics <- geotectonics 
german <- germanic german 
germany <- germany 
gis <- gis 
glacial <- glacial 
glaciers <- glaciers 
glaciology <- glaciology 
global <- global 
gps <- gps 
graduate <- graduate 
grammar <- grammar 
grammatonymy <- grammatonymy 
graphics <- graphics 
greece <- greece 
greek <- greek 
greekdeep <- Greek_Epic_ 
groundwater <- groundwater 
group <- group 
hawaii <- hawaii 
hawaiian <- hawaiian 
hazards <- hazards 
heat <- heat 
hellenistic <- hellenistic 
heritage <- heritage 
herodotus <- herodotus 
heuristic <- heuristic 
hillslope <- hillslope 
hindi <- hindi Hindi 
historians <- historians 
histories <- history History histories 
historiesjapaneselanguage <- History_of_the_Japanese_Language_ 
historiography <- historiography 
histoty <- histoty 
homer <- Homer_ homer 
honors <- honors 
horace <- horace 
human <- human 
hybrid <- hybrid 
hydraulic <- hydraulic 
hydraulicengineering <- Hydraulic_Engineering_ 
hydrocarbon <- hydrocarbon 
hydrology <- hydrology 
hydrostatics <- hydrostatics 
ice <- ice 
identity <- identity 
igneous <- warming igneous 
image <- project imaging image projects 
impacts <- impacts 
imperial <- imperialism imperial 
india <- india 
indian <- indian indians 
indo <- indo 
indology <- indology 
indonesian <- Indonesian indonesian 
infrastructure <- infrastructure 
inorganic <- inorganic minerals mineral 
instrumentation <- instruments instrumentation 
integrated <- organization integration organic integrated 
intellectual <- intellectual 
intensive <- intensive 
inter <- inter 
interdisciplinary <- interdisciplinary 
interfaces <- interfaces 
intergovernmental <- intergovernmental 
intermediate <- intermediate junior sophomore 
intermediatehindi <- Intermediate_Hindi_ 
intermediateindonesian <- Intermediate_Indonesian_ 
intermediatesanskrit <- Intermediate_Sanskrit_ 
intra <- intra 
inventing <- inventing 
inventory <- inventory 
inverse <- inverse 
invertebrate <- invertebrate 
involvement <- involvement 
irish <- irish 
islam <- islam 
island <- islands island 
isotope <- isotope 
issues <- issues 
italian <- italian 
iv <- iv 
j <- j 
jackson <- jackson 
jacobethan <- jacobethan 
japan <- japan 
japanese <- First-Year_Japanese_ japanese Japanese Third-Year_Japanese_ 
jazz <- jazz 
jewish <- jewish 
jews <- jews 
journals <- journals 
k <- k 
kambun <- kambun 
kievan <- kievan 
knowledge <- knowledge 
koine <- koine 
korea <- korea 
korean <- Korean korean 
kyogen <- kyogen 
lab <- lab laboratory 
labor <- labor 
lands <- lands 
language <- languages language lyric 
large <- poetic large 
lasers <- lasers 
later <- later 
latin <- romance latin 
leadership <- leadership 
learners <- learners 
learning <- learning 
lectures <- lectures 
letters <- letters 
level <- level 
lexical <- lexical 
lexicology <- lexicology 
lexicon <- lexicon 
life <- life 
lightweight <- lightweight 
linguistic <- linguists linguistics linguistic Linguistics 
literary <- literary 
literature <- literature 
lives <- lives living 
livy <- livy 
logic <- logic 
lrfd <- lrfd 
lucretius <- lucretius 
lysias <- lysias 
magnetic <- magnetic 
makers <- makers 
making <- making 
mammals <- mammals 
management <- managing management 
mandarin <- mandarin 
mapping <- mapping 
marine <- marine 
masonry <- masonry 
mass <- peoples people mass masses 
mathematical <- mathematics Mathematics mathematical 
matter <- matters matter 
meaning <- meaning 
mechanical <- mechanics mechanical 
medical <- medical 
memory <- storage memory 
mesoscale <- mesoscale 
metal <- metal 
metallurgy <- metallurgy 
metamorphic <- metamorphic 
meteorological <- meteorology meteorological 
method <- method methods 
methodology <- methodology 
mexico <- mexico 
micro <- micro 
microbiology <- microbiology 
microchemical <- microchemical 
microclimatology <- microclimatology 
microcomputer <- microcomputer 
microcontrollers <- microcontrollers 
microelectro <- microelectro 
microelectronics <- microelectronics 
microfluidic <- microfluidic 
microprocessor <- microprocessor 
microscopy <- microscopy 
microstructural <- microstructural 
microwave <- microwave 
military <- military 
mineralogy <- Mineralogy Mineralogy_ mineralogy 
mississippi <- mississippi 
modeling <- models modeling modelling 
molecular <- molecular 
monuments <- monuments 
movement <- movement 
mughal <- mughal 
muscovite <- muscovite 
mysticism <- mysticism 
myth <- myth 
mythology <- mythology 
nam <- nam 
nanobiotechnology <- nanobiotechnology 
nanodevices <- nanodevices 
nanofabrication <- nanofabrication 
nanoscale <- nanoscale 
nanostructures <- nanostructures 
nanotechnology <- nanotechnology 
napoleon <- napoleon 
narration <- narrative narration 
national <- public national 
native <- native 
nbeightnbfivenbzero <- nbeightnbfivenbzero 
nbfivenbnine <- nbfivenbnine 
nbninenbfive <- nbninenbfive 
nbninenbzeronbsix <- nbninenbzeronbsix 
nbonenbeightnbeightnbfive <- nbonenbeightnbeightnbfive 
nbonenbeightnbfivenbzero <- nbonenbeightnbfivenbzero 
nbonenbeightnbfournbzero <- nbonenbeightnbfournbzero 
nbonenbeightnbninenbfive <- nbonenbeightnbninenbfive 
nbonenbeightnbninenbzero <- nbonenbeightnbninenbzero 
nbonenbeightnbonenbfive <- nbonenbeightnbonenbfive 
nbonenbeightnbonenbfour <- nbonenbeightnbonenbfour 
nbonenbeightnbsevennbone <- nbonenbeightnbsevennbone 
nbonenbeightnbsevennbseven <- nbonenbeightnbsevennbseven 
nbonenbeightnbsevennbzero <- nbonenbeightnbsevennbzero 
nbonenbeightnbsixnbfive <- nbonenbeightnbsixnbfive 
nbonenbeightnbsixnbone <- nbonenbeightnbsixnbone 
nbonenbeightnbsixnbzero <- nbonenbeightnbsixnbzero 
nbonenbeightnbtwonbone <- nbonenbeightnbtwonbone 
nbonenbeightnbzeronbzero <- nbonenbeightnbzeronbzero 
nbonenbeightth <- nbonenbeightth 
nbonenbfivenbeightnbzero <- nbonenbfivenbeightnbzero 
nbonenbfivenbone <- nbonenbfivenbone 
nbonenbfivenbzeronbzero <- nbonenbfivenbzeronbzero 
nbonenbfournbfivenbzero <- nbonenbfournbfivenbzero 
nbonenbfournbninenbtwo <- nbonenbfournbninenbtwo 
nbonenbfournbzeronbzero <- nbonenbfournbzeronbzero 
nbonenbninenbeightnbnine <- nbonenbninenbeightnbnine 
nbonenbninenbfournbfive <- nbonenbninenbfournbfive 
nbonenbninenbfournbzero <- nbonenbninenbfournbzero 
nbonenbninenbninenbzero <- nbonenbninenbninenbzero 
nbonenbninenbonenbeight <- nbonenbninenbonenbeight 
nbonenbninenbonenbfour <- nbonenbninenbonenbfour 
nbonenbninenbzeronbzero <- nbonenbninenbzeronbzero 
nbonenbsevennbeightnbnine <- nbonenbsevennbeightnbnine 
nbonenbsevennbsevennbsix <- nbonenbsevennbsevennbsix 
nbonenbsevennbtwonbzero <- nbonenbsevennbtwonbzero 
nbonenbsevennbzeronbzero <- nbonenbsevennbzeronbzero 
nbonenbsixnbfournbeight <- nbonenbsixnbfournbeight 
nbonenbsixnbsevennbzero <- nbonenbsixnbsevennbzero 
nbonenbsixnbthreenbzero <- nbonenbsixnbthreenbzero 
nbonenbthreenbfournbtwo <- nbonenbthreenbfournbtwo 
nbonenbtwo <- nbonenbtwo 
nbonenbtwonbsevennbsix <- nbonenbtwonbsevennbsix 
nbonenbtwonbsixnbeight <- nbonenbtwonbsixnbeight 
nbonenbtwonbzeronbzero <- nbonenbtwonbzeronbzero 
nbsevennbzero <- nbsevennbzero 
nbthreenbfivenbone <- nbthreenbfivenbone 
nbthreenbtwonbtwo <- nbthreenbtwonbtwo 
nbtwonbfivenbnine <- nbtwonbfivenbnine 
nbtwonbfivenbone <- nbtwonbfivenbone 
nbtwonbfivenbzero <- nbtwonbfivenbzero 
nbtwonbfournbseven <- nbtwonbfournbseven 
nbtwonbsixnbtwo <- nbtwonbsixnbtwo 
nbtwonbtwonbone <- nbtwonbtwonbone 
nbtwonbtwonbtwo <- nbtwonbtwonbtwo 
nbtwonbzeroth <- nbtwonbzeroth 
negotiation <- negotiation 
network <- network networks 
no <- no 
noam <- noam 
noncrystalline <- noncrystalline 
nonlinear <- nonlinear 
nonresident <- nonresident 
norms <- norms 
northwest <- northwest 
novice <- novice 
nuclides <- nuclides 
observations <- observations 
oceanography <- oceanography 
odes <- odes 
optical <- optics optical 
optimization <- optimizing optimization 
optoelectronic <- optoelectronics optoelectronic 
oral <- spoken oral 
orators <- orators 
oratory <- oratory 
ore <- ore 
origins <- origins 
outreach <- outreach 
overview <- overview 
ovid <- ovid 
pace <- pace 
pacific <- pacific 
packaging <- packaging 
packet <- packet 
paleobiology <- paleobiology Paleobiology_ 
paleoclimate <- paleoclimate 
paleoecology <- paleoecology 
paleography <- paleography 
paleontology <- paleontology 
pali <- pali 
panel <- panel 
paper <- report paper 
papermaking <- papermaking 
parallel <- parallel 
paris <- paris 
parks <- parks 
pavement <- pavement 
peloponnesian <- peloponnesian 
performance <- performance 
period <- period 
perl <- perl 
persian <- persian 
petrography <- petrography 
petroleum <- petroleum 
petrology <- petrology 
phase <- phase 
philology <- philology 
philosophers <- philosophers philosophical 
philosophy <- philosophy 
phonetics <- phonetics 
phonological <- phonological phonology 
photonics <- photonics 
physical <- physical physics 
pidgin <- pidgin 
pindar <- pindar 
planet <- planet 
planning <- preparation planning 
plasma <- plasma plasmas 
plasticity <- plasticity 
plate <- scale plate 
plato <- plato 
plautus <- plautus 
pods <- pods 
poetry <- poetry 
policy <- policy 
political <- political politics 
pollution <- pollution 
polymer <- polymers polymer 
polymeric <- polymeric 
popular <- republican popular 
portrait <- portrait 
post <- post 
postwar <- postwar 
power <- power 
practice <- practices practice 
practicum <- practicum 
prakrit <- prakrit 
pre <- pre 
premodern <- premodern 
present <- present 
prestressed <- prestressed 
principles <- principles 
probability <- probability 
problems <- problems 
process <- processing processes process 
production <- production 
professional <- professional 
programming <- programming 
pronunciation <- pronunciation 
properties <- properties 
prose <- prose 
proseminar <- proseminar 
protection <- security protection 
psychology <- psychology 
pulp <- pulping pulp 
quality <- timber quality 
quantum <- quantum 
r <- r 
race <- race 
racial <- racial 
radar <- radar 
radio <- wireless radio 
rajasthani <- rajasthani 
random <- random 
randomsigncommunicationsignprocess <- Random_Signals_for_Communications_and_Signal_Processing_ Random_Signals_in_Communications_and_Signal_Processing 
reactions <- reactions 
reactor <- reactor reactors 
reading <- reading readings 
receiver <- receiver 
reconstruction <- reconstruction 
refining <- refining 
reformation <- reformation 
regional <- regional 
reinforced <- reinforced 
related <- relations related 
release <- release 
religious <- religious 
remediation <- remediation 
remote <- remote 
renaissance <- renaissance 
renewable <- renewable 
reportage <- reportage 
representation <- representation 
republic <- republic 
research <- researching research 
resource <- resources resource 
retaining <- retaining 
review <- surveying survey review 
revolution <- revolution 
rf <- rf 
rhetoric <- rhetoric 
rights <- rights 
rivers <- rivers 
robotics <- robots robotics 
rocks <- rocks 
roman <- roman 
romandeep <- Roman_Epic_ Roman_Epic 
romandrama <- Roman_Drama_ 
rome <- rome 
routes <- routes 
rule <- rule 
russia <- russia 
sallust <- sallust 
sanskrit <- Sanskrit sanskrit 
sant <- sant 
satire <- satire 
scandinavia <- scandinavia 
school <- school 
science <- sciences science 
sedimentary <- sedimentary 
seismology <- seismology 
selected <- selected 
semantic <- semantics semantic 
semiconductor <- semiconductor 
seminar <- seminars seminar Seminar_ Seminar 
seneca <- seneca 
senior <- senior 
sensors <- sensors 
separation <- separation 
sephardic <- sephardic 
shallow <- surfaces surface shallow 
sign <- sign signals signal 
silicon <- silicon 
site <- site 
sixties <- sixties 
skeletal <- skeletal 
skills <- skills 
slavery <- slavery 
slopes <- slopes 
social <- social 
society <- society 
sociolinguistics <- sociolinguistics 
socratic <- socratic 
soft <- soft 
soil <- soil 
sol <- sol 
south <- south southeast 
space <- space 
spanish <- spanish 
speakers <- speakers 
speaking <- speaking 
special <- special 
specialists <- specialists 
specialtopicselectricengineering <- Special_Topics_in_Electrical_and_Computer_Engineering Special_Topics_in_Electrical_Engineering_ 
spectral <- spectral 
standard <- standard 
state <- states state 
statistical <- statistical 
steel <- steel 
strategies <- strategies 
stratigraphy <- stratigraphy Stratigraphy_ 
students <- students 
studio <- studio 
sugarcane <- sugarcane 
sung <- sung 
superstructures <- superstructures 
supervised <- supervised 
supplies <- supplies supply 
sustainability <- sustainability sustainable 
switched <- switched 
symmetry <- symmetry 
synoptic <- synoptic 
syntactic <- syntactic 
syntax <- syntax 
synthetic <- synthetic 
systems <- systems 
tacitus <- tacitus 
talk <- talk 
teachers <- teachers 
teaching <- teaching 
teams <- teams 
techniques <- techniques 
technologies <- technology technologies 
tectonics <- tectonics 
telecommunication <- telecommunications telecommunication 
temperature <- temperature 
terence <- terence 
testament <- testament 
texts <- texts 
textual <- textual 
thai <- Thai Beginning_Thai_ thai 
theoretical <- theoretical 
theory <- theory 
thermodynamics <- thermodynamics 
thesis <- thesis 
thought <- thought 
thucydides <- thucydides 
time <- time times 
tissue <- tissue 
tolkien <- tolkien 
tools <- tools 
topics <- topics 
topography <- topography 
traditional <- traditions traditional 
traffic <- traffic 
tragedy <- tragedy 
trans <- trans 
transformations <- transformations 
translation <- translation 
transmission <- transmission 
transport <- transport transportation 
travel <- travel 
trials <- trials 
turbomachinery <- turbomachinery 
uncertainty <- uncertainty 
undergraduate <- undergraduate 
unit <- unit united 
universe <- universe 
urban <- urban 
urdu <- urdu 
using <- using 
vedic <- vedic 
vergil <- vergil virgil Vergil_ Virgil_ 
vernacular <- vernacular 
vertebrate <- vertebrate 
viet <- viet 
vietnam <- vietnam 
vietnamese <- First-Year_Vietnamese_ Vietnamese vietnamese 
vikings <- vikings 
violence <- violence 
vision <- vision 
vlsi <- vlsi 
volcanism <- volcanism 
volcanoes <- volcanoes 
volcanology <- volcanology 
war <- war wars 
washington <- washington 
water <- water 
waves <- waves 
wear <- wear 
weather <- weather 
west <- westward west 
witch <- witch 
women <- women 
wood <- wood 
world <- world 
writing <- writing written 
